Workbook
Name Slicer_ORDERDATE__Month: #N/A
Name Slicer_PAYMENTMETHOD: #N/A
Name Slicer_PAYMENTMETHOD1: #N/A
Name Slicer_SUBCATEGORY: #N/A

Sheet Region by Gender  
A3: Row Labels | B3: Count of CUSTOMERID
A4: North | B4: 61
A5: Female | B5: 25
A6: Male | B6: 36
A7: Grand Total | B7: 61

Sheet customer by gender
A3: Row Labels | B3: Count of CUSTOMERID
A4: Female | B4: 105
A5: Male | B5: 95

Sheet customer by region  
A3: Row Labels | B3: Count of CUSTOMERID
A4: North | B4: 61
A5: Grand Total | B5: 61

Sheet total customers
A3: Count of CUSTOMERID
A4: 200

Sheet Customer
A1: CUSTOMERID | B1: CUSTOMERNAME | C1: EMAIL | D1: GENDER | E1: CITY | F1: REGION
A2: C001 | B2: Sneha Mehta | C2: sneha.mehta1@gmail.com | D2: Female | E2: Ahmedabad | F2: West
A3: C002 | B3: Nikhil Malhotra | C3: nikhil.malhotra2@gmail.com | D3: Male | E3: Lucknow | F3: North
A4: C003 | B4: Komal Khanna | C4: komal.khanna3@gmail.com | D4: Male | E4: Delhi | F4: North
A5: C004 | B5: Ananya Gupta | C5: ananya.gupta4@gmail.com | D5: Male | E5: Delhi | F5: North
A6: C005 | B6: Mansi Gupta | C6: mansi.gupta5@gmail.com | D6: Female | E6: Ahmedabad | F6: West
A7: C006 | B7: Ravi Shah | C7: ravi.shah6@gmail.com | D7: Female | E7: Delhi | F7: North
A8: C007 | B8: Amit Khanna | C8: amit.khanna7@gmail.com | D8: Female | E8: Surat | F8: West
A9: C008 | B9: Pooja Gupta | C9: pooja.gupta8@gmail.com | D9: Female | E9: Chandigarh | F9: North
A10: C009 | B10: Ananya Sethi | C10: ananya.sethi9@gmail.com | D10: Male | E10: Hyderabad | F10: South
A11: C010 | B11: Mohit Joshi | C11: mohit.joshi10@gmail.com | D11: Female | E11: Jaipur | F11: North
A12: C011 | B12: Divya Arora | C12: divya.arora11@gmail.com | D12: Male | E12: Kochi | F12: South
... A201: C200 | B201: Ananya Joshi | C201: ananya.joshi200@gmail.com | D201: Male | E201: Kolkata | F201: East

Sheet EMPLOYEE CNT 
A3: Row Labels | B3: Count of EMPID
A4: East | B4: 10
A5: North | B5: 9
A6: South | B6: 11
A7: West | B7: 10

Sheet designation cnt 
A3: Row Labels | B3: Count of EMPID
A4: Sales Executive | B4: 15
A5: Sales Manager | B5: 15
A6: Senior Sales Executive | B6: 10

Sheet employee cnt
A3: Count of EMPID
A4: 40

Sheet employee by region
A3: Row Labels | B3: Count of EMPID
A4: East | B4: 10
A5: North | B5: 9
A6: South | B6: 11
A7: West | B7: 10
A8: Grand Total | B8: 40

Sheet Employee
A1: EMPID | B1: EMPNAME | C1: REGION | D1: DESIGNATION
A2: E001 | B2: Varun Joshi | C2: East | D2: Sales Manager
A3: E002 | B3: Saurabh Mehta | C3: West | D3: Sales Manager
A4: E003 | B4: Ananya Rao | C4: West | D4: Sales Manager
A5: E004 | B5: Abhishek Shah | C5: West | D5: Sales Executive
A6: E005 | B6: Priya Kumar | C6: North | D6: Senior Sales Executive
A7: E006 | B7: Abhishek Sharma | C7: East | D7: Senior Sales Executive
A8: E007 | B8: Isha Mishra | C8: South | D8: Sales Executive
A9: E008 | B9: Tanvi Chopra | C9: South | D9: Senior Sales Executive
A10: E009 | B10: Meera Singh | C10: East | D10: Sales Executive
A11: E010 | B11: Komal Khanna | C11: East | D11: Sales Manager
A12: E011 | B12: Sakshi Verma | C12: South | D12: Senior Sales Executive
... A41: E040 | B41: Meera Khanna | C41: West | D41: Sales Executive

Sheet Product
A1: PRODUCTID | B1: PRODUCTNAME | C1: CATEGORY | D1: SUBCATEGORY | E1: UNITPRICE
A2: P001 | B2: Logitech Wireless Mouse | C2: Electronics | D2: Accessories | E2: 1299
A3: P002 | B3: HP Wireless Keyboard | C3: Electronics | D3: Accessories | E3: 1899
A4: P003 | B4: Office Chair Pro | C4: Furniture | D4: Chairs | E4: 8499
A5: P004 | B5: Executive Office Desk | C5: Furniture | D5: Desks | E5: 12499
A6: P005 | B6: Dell 24-inch Monitor | C6: Electronics | D6: Monitors | E6: 13999
A7: P006 | B7: Lenovo Business Laptop | C7: Electronics | D7: Laptops | E7: 58999
A8: P007 | B8: HP Laser Printer | C8: Electronics | D8: Printers | E8: 18999
A9: P008 | B9: A4 Copier Paper Pack | C9: Office Supplies | D9: Paper | E9: 499
A10: P009 | B10: Premium Notebook | C10: Office Supplies | D10: Notebooks | E10: 299
A11: P010 | B11: Ball Pen Pack | C11: Office Supplies | D11: Writing | E11: 199
A12: P011 | B12: USBC Hub | C12: Electronics | D12: Accessories | E12: 2499
A13: P012 | B13: Webcam Full HD | C13: Electronics | D13: Accessories | E13: 3299
... A31: P030 | B31: Calculator | C31: Office Supplies | D31: Calculators | E31: 499

Sheet sales by product category
A3: Row Labels | B3: Sum of SALESAMT
A4: Electronics | B4: 32088087
A5: Furniture | B5: 15469964
A6: Office Supplies | B6: 1562085

Sheet TOTAL SALES 
A3: Sum of SALESAMT
A4: 49120136

Sheet TOP 5 PRODUCT BY SALES
A3: Row Labels | B3: Sum of SALESAMT
A4: Standing Desk | B4: 3293817
A5: Portable Projector | B5: 5074797
A6: Lenovo Business Laptop | B6: 11622803
A7: Dell 24-inch Monitor | B7: 3247768
A8: Conference Table | B8: 4699812
A9: Grand Total | B9: 27938997

Sheet PAYMENT STATUS
A3: Row Labels | B3: Count of ORDERID
A4: Completed | B4: 1818
A5: Failed | B5: 53
A6: Pending | B6: 129
A7: Grand Total | B7: 2000

Sheet final dashboard

Sheet MONTHLYSALES
A3: Row Labels | B3: Sum of SALESAMT
A4: Jan | B4: 3756171
A5: Feb | B5: 3887370
A6: Mar | B6: 4452732
A7: Apr | B7: 4029124
A8: May | B8: 3364551
A9: Jun | B9: 4288293
A10: Jul | B10: 4015195
A11: Aug | B11: 3662588
A12: Sep | B12: 4203865
A13: Oct | B13: 3439291
A14: Nov | B14: 4365731
A15: Dec | B15: 5655225
A16: Grand Total | B16: 49120136

Sheet SALES BY SUBCATEGORY
A3: Row Labels | B3: Sum of SALESAMT | C3: Sum of QUANTITY
A4: Writing | B4: 41392 | C4: 208
A5: Tables | B5: 4699812 | C5: 188
A6: Storage | B6: 4133434 | C6: 566
A7: Projectors | B7: 5074797 | C7: 203
A8: Printers | B8: 3096837 | C8: 163
A9: Presentation | B9: 664810 | C9: 190
A10: Paper | B10: 82335 | C10: 165
A11: Office Machines | B11: 1416782 | C11: 218
A12: Office Accessories | B12: 450795 | C12: 205
A13: Notebooks | B13: 44551 | C13: 149
A14: Monitors | B14: 3247768 | C14: 232
A15: Lighting | B15: 425315 | C15: 185
... A23: Accessories | B23: 2778912 | C23: 888

Sheet count of payment status
A3: Row Labels | B3: Count of PAYMENTSTATUS
A4: Completed | B4: 1818
A5: Failed | B5: 53
A6: Pending | B6: 129
A7: Grand Total | B7: 2000

Sheet PRODUCT BY SALES
A3: Row Labels | B3: Sum of SALESAMT
A4: Conference Table | B4: 4699812
A5: Dell 24-inch Monitor | B5: 3247768
A6: Executive Office Desk | B6: 2337313
A7: External SSD 1TB | B7: 1583824
A8: HP Laser Printer | B8: 3096837
A9: Lenovo Business Laptop | B9: 11622803
A10: Noise Cancelling Headphones | B10: 1855768
A11: Office Chair Pro | B11: 1529820
A12: Portable Projector | B12: 5074797
A13: Standing Desk | B13: 3293817

Sheet REGION BY S
A3: Row Labels | B3: Sum of SALESAMT | C3: Count of QUANTITY
A4: East | B4: 8430504 | C4: 376
A5: North | B5: 15151593 | C5: 623
A6: South | B6: 12101730 | C6: 493
A7: West | B7: 13436309 | C7: 508

Sheet total orders
A3: Count of ORDERID
A4: 2000
A13: Sum of QUANTITY
A14: 5764

Sheet Order
A1: ORDERID | B1: ORDERDATE | C1: CUSTOMERID | D1: CATEGORY | E1: EMPLOYEEID | F1: PRODUCTID | G1: QUANTITY | H1: UNITPRICE | I1: SALESAMT | J1: SUBCATEGORY | K1: PRODUCTNAME | L1: PAYMENTSTATUS | M1: =VLOOKUP(C1,Customer!A:F,6,FALSE) -> REGION
A2: O00001 | B2: 45929 | C2: C106 | D2: =VLOOKUP(F2,Product!A:E,3,FALSE) -> Electronics | E2: E037 | F2: P022 | G2: 4 | H2: =VLOOKUP(F2,Product!A:E,5,FALSE) -> 24999 | I2: =G2*H2 -> 99996 | J2: =VLOOKUP(F2,Product!A:E,4,FALSE) -> Projectors | K2: =VLOOKUP(F2,Product!$A:$E,2,FALSE) -> Portable Projector | L2: =VLOOKUP(A2,Payment!$B:$E,4,FALSE) -> Completed | M2: =VLOOKUP(C2,Customer!A:F,6,FALSE) -> East
A3: O00002 | B3: 45745 | C3: C045 | D3: =VLOOKUP(F3,Product!A:E,3,FALSE) -> Office Supplies | E3: E006 | F3: P020 | G3: 5 | H3: =VLOOKUP(F3,Product!A:E,5,) -> 3499 | I3: =G3*H3 -> 17495 | J3: =VLOOKUP(F3,Product!A:E,4,FALSE) -> Presentation | K3: =VLOOKUP(F3,Product!$A:$E,2,FALSE) -> Whiteboard 4x3 | L3: =VLOOKUP(A3,Payment!$B:$E,4,FALSE) -> Completed | M3: =VLOOKUP(C3,Customer!A:F,6,FALSE) -> West
A4: O00003 | B4: 45975 | C4: C175 | D4: =VLOOKUP(F4,Product!A:E,3,FALSE) -> Office Supplies | E4: E016 | F4: P016 | G4: 6 | H4: =VLOOKUP(F4,Product!A:E,5,) -> 399 | I4: =G4*H4 -> 2394 | J4: =VLOOKUP(F4,Product!A:E,4,FALSE) -> Desk Accessories | K4: =VLOOKUP(F4,Product!$A:$E,2,FALSE) -> Desk Organizer | L4: =VLOOKUP(A4,Payment!$B:$E,4,FALSE) -> Completed | M4: =VLOOKUP(C4,Customer!A:F,6,FALSE) -> North
A5: O00004 | B5: 45731 | C5: C060 | D5: =VLOOKUP(F5,Product!A:E,3,FALSE) -> Electronics | E5: E030 | F5: P021 | G5: 1 | H5: =VLOOKUP(F5,Product!A:E,5,) -> 5499 | I5: =G5*H5 -> 5499 | J5: =VLOOKUP(F5,Product!A:E,4,FALSE) -> Accessories | K5: =VLOOKUP(F5,Product!$A:$E,2,FALSE) -> Mechanical Keyboard | L5: =VLOOKUP(A5,Payment!$B:$E,4,FALSE) -> Completed | M5: =VLOOKUP(C5,Customer!A:F,6,FALSE) -> West
A6: O00005 | B6: 45788 | C6: C171 | D6: =VLOOKUP(F6,Product!A:E,3,FALSE) -> Electronics | E6: E001 | F6: P029 | G6: 4 | H6: =VLOOKUP(F6,Product!A:E,5,) -> 6499 | I6: =G6*H6 -> 25996 | J6: =VLOOKUP(F6,Product!A:E,4,FALSE) -> Office Machines | K6: =VLOOKUP(F6,Product!$A:$E,2,FALSE) -> Paper Shredder | L6: =VLOOKUP(A6,Payment!$B:$E,4,FALSE) -> Completed | M6: =VLOOKUP(C6,Customer!A:F,6,FALSE) -> East
A7: O00006 | B7: 45805 | C7: C174 | D7: =VLOOKUP(F7,Product!A:E,3,FALSE) -> Electronics | E7: E035 | F7: P006 | G7: 1 | H7: =VLOOKUP(F7,Product!A:E,5,) -> 58999 | I7: =G7*H7 -> 58999 | J7: =VLOOKUP(F7,Product!A:E,4,FALSE) -> Laptops | K7: =VLOOKUP(F7,Product!$A:$E,2,FALSE) -> Lenovo Business Laptop | L7: =VLOOKUP(A7,Payment!$B:$E,4,FALSE) -> Completed | M7: =VLOOKUP(C7,Customer!A:F,6,FALSE) -> West
A8: O00007 | B8: 45834 | C8: C151 | D8: =VLOOKUP(F8,Product!A:E,3,FALSE) -> Electronics | E8: E020 | F8: P021 | G8: 8 | H8: =VLOOKUP(F8,Product!A:E,5,) -> 5499 | I8: =G8*H8 -> 43992 | J8: =VLOOKUP(F8,Product!A:E,4,FALSE) -> Accessories | K8: =VLOOKUP(F8,Product!$A:$E,2,FALSE) -> Mechanical Keyboard | L8: =VLOOKUP(A8,Payment!$B:$E,4,FALSE) -> Pending | M8: =VLOOKUP(C8,Customer!A:F,6,FALSE) -> South
A9: O00008 | B9: 46011 | C9: C065 | D9: =VLOOKUP(F9,Product!A:E,3,FALSE) -> Furniture | E9: E030 | F9: P028 | G9: 2 | H9: =VLOOKUP(F9,Product!A:E,5,) -> 24999 | I9: =G9*H9 -> 49998 | J9: =VLOOKUP(F9,Product!A:E,4,FALSE) -> Tables | K9: =VLOOKUP(F9,Product!$A:$E,2,FALSE) -> Conference Table | L9: =VLOOKUP(A9,Payment!$B:$E,4,FALSE) -> Completed | M9: =VLOOKUP(C9,Customer!A:F,6,FALSE) -> West
A10: O00009 | B10: 45854 | C10: C124 | D10: =VLOOKUP(F10,Product!A:E,3,FALSE) -> Office Supplies | E10: E007 | F10: P008 | G10: 2 | H10: =VLOOKUP(F10,Product!A:E,5,) -> 499 | I10: =G10*H10 -> 998 | J10: =VLOOKUP(F10,Product!A:E,4,FALSE) -> Paper | K10: =VLOOKUP(F10,Product!$A:$E,2,FALSE) -> A4 Copier Paper Pack | L10: =VLOOKUP(A10,Payment!$B:$E,4,FALSE) -> Completed | M10: =VLOOKUP(C10,Customer!A:F,6,FALSE) -> West
A11: O00010 | B11: 45841 | C11: C148 | D11: =VLOOKUP(F11,Product!A:E,3,FALSE) -> Furniture | E11: E019 | F11: P023 | G11: 2 | H11: =VLOOKUP(F11,Product!A:E,5,) -> 2199 | I11: =G11*H11 -> 4398 | J11: =VLOOKUP(F11,Product!A:E,4,FALSE) -> Office Accessories | K11: =VLOOKUP(F11,Product!$A:$E,2,FALSE) -> Ergonomic Footrest | L11: =VLOOKUP(A11,Payment!$B:$E,4,FALSE) -> Failed | M11: =VLOOKUP(C11,Customer!A:F,6,FALSE) -> East
A12: O00011 | B12: 45995 | C12: C102 | D12: =VLOOKUP(F12,Product!A:E,3,FALSE) -> Electronics | E12: E018 | F12: P001 | G12: 3 | H12: =VLOOKUP(F12,Product!A:E,5,) -> 1299 | I12: =G12*H12 -> 3897 | J12: =VLOOKUP(F12,Product!A:E,4,FALSE) -> Accessories | K12: =VLOOKUP(F12,Product!$A:$E,2,FALSE) -> Logitech Wireless Mouse | L12: =VLOOKUP(A12,Payment!$B:$E,4,FALSE) -> Completed | M12: =VLOOKUP(C12,Customer!A:F,6,FALSE) -> South
A13: O00012 | B13: 46009 | C13: C200 | D13: =VLOOKUP(F13,Product!A:E,3,FALSE) -> Office Supplies | E13: E004 | F13: P030 | G13: 3 | H13: =VLOOKUP(F13,Product!A:E,5,) -> 499 | I13: =G13*H13 -> 1497 | J13: =VLOOKUP(F13,Product!A:E,4,FALSE) -> Calculators | K13: =VLOOKUP(F13,Product!$A:$E,2,FALSE) -> Calculator | L13: =VLOOKUP(A13,Payment!$B:$E,4,FALSE) -> Completed | M13: =VLOOKUP(C13,Customer!A:F,6,FALSE) -> East
A14: O00013 | B14: 45912 | C14: C074 | D14: =VLOOKUP(F14,Product!A:E,3,FALSE) -> Office Supplies | E14: E015 | F14: P020 | G14: 4 | H14: =VLOOKUP(F14,Product!A:E,5,) -> 3499 | I14: =G14*H14 -> 13996 | J14: =VLOOKUP(F14,Product!A:E,4,FALSE) -> Presentation | K14: =VLOOKUP(F14,Product!$A:$E,2,FALSE) -> Whiteboard 4x3 | L14: =VLOOKUP(A14,Payment!$B:$E,4,FALSE) -> Completed | M14: =VLOOKUP(C14,Customer!A:F,6,FALSE) -> North
... A2001: O02000 | B2001: 46010 | C2001: C032 | D2001: =VLOOKUP(F2001,Product!A:E,3,FALSE) -> Furniture | E2001: E018 | F2001: P028 | G2001: 4 | H2001: =VLOOKUP(F2001,Product!A:E,5,) -> 24999 | I2001: =G2001*H2001 -> 99996 | J2001: =VLOOKUP(F2001,Product!A:E,4,FALSE) -> Tables | K2001: =VLOOKUP(F2001,Product!$A:$E,2,FALSE) -> Conference Table | L2001: =VLOOKUP(A2001,Payment!$B:$E,4,FALSE) -> Completed | M2001: =VLOOKUP(C2001,Customer!A:F,6,FALSE) -> West

Sheet payment method count
A3: Row Labels | B3: Count of PAYMENTMETHOD
A4: Cash | B4: 413
A5: Credit Card | B5: 392
A6: Debit Card | B6: 392
A7: Net Banking | B7: 386
A8: UPI | B8: 417
A9: Grand Total | B9: 2000

Sheet payment method by sales
A3: Row Labels | B3: Sum of SALESAMT | C3: Count of ORDERID
A4: Cash | B4: 10765612 | C4: 413
A5: Credit Card | B5: 8198523 | C5: 392
A6: Debit Card | B6: 9066517 | C6: 392
A7: Net Banking | B7: 10382933 | C7: 386
A8: UPI | B8: 10706551 | C8: 417
A9: Grand Total | B9: 49120136 | C9: 2000
A17: Sum of SALESAMT | B17: Column Labels
A18: Row Labels | B18: Completed | C18: Failed | D18: Pending | E18: Grand Total
A19: Cash | B19: 10300904 | C19: 83075 | D19: 381633 | E19: 10765612
A20: Credit Card | B20: 7337217 | C20: 414869 | D20: 446437 | E20: 8198523
A21: Debit Card | B21: 8170536 | C21: 376765 | D21: 519216 | E21: 9066517
A22: Net Banking | B22: 9376654 | C22: 151279 | D22: 855000 | E22: 10382933
A23: UPI | B23: 9906172 | C23: 395861 | D23: 404518 | E23: 10706551
A24: Grand Total | B24: 45091483 | C24: 1421849 | D24: 2606804 | E24: 49120136

Sheet Payment
A1: PAYMENTID | B1: ORDERID | C1: PAYMENTDATE | D1: PAYMENTMETHOD | E1: PAYMENTSTATUS | F1: =VLOOKUP(B1,Order!A1:M1,9,) -> SALESAMT
A2: PAY00001 | B2: O00001 | C2: 45929 | D2: Credit Card | E2: Completed | F2: =VLOOKUP(B2,Order!A2:M2,9,) -> 99996
A3: PAY00002 | B3: O00002 | C3: 45745 | D3: Cash | E3: Completed | F3: =VLOOKUP(B3,Order!A3:M3,9,) -> 17495
A4: PAY00003 | B4: O00003 | C4: 45975 | D4: Debit Card | E4: Completed | F4: =VLOOKUP(B4,Order!A4:M4,9,) -> 2394
A5: PAY00004 | B5: O00004 | C5: 45731 | D5: Credit Card | E5: Completed | F5: =VLOOKUP(B5,Order!A5:M5,9,) -> 5499
A6: PAY00005 | B6: O00005 | C6: 45788 | D6: Credit Card | E6: Completed | F6: =VLOOKUP(B6,Order!A6:M6,9,) -> 25996
A7: PAY00006 | B7: O00006 | C7: 45805 | D7: UPI | E7: Completed | F7: =VLOOKUP(B7,Order!A7:M7,9,) -> 58999 | G7: =SUM(F:F) -> 49120136
A8: PAY00007 | B8: O00007 | C8: 45834 | D8: Credit Card | E8: Pending | F8: =VLOOKUP(B8,Order!A8:M8,9,) -> 43992
A9: PAY00008 | B9: O00008 | C9: 46011 | D9: Cash | E9: Completed | F9: =VLOOKUP(B9,Order!A9:M9,9,) -> 49998
A10: PAY00009 | B10: O00009 | C10: 45854 | D10: Credit Card | E10: Completed | F10: =VLOOKUP(B10,Order!A10:M10,9,) -> 998
A11: PAY00010 | B11: O00010 | C11: 45841 | D11: Net Banking | E11: Failed | F11: =VLOOKUP(B11,Order!A11:M11,9,) -> 4398
A12: PAY00011 | B12: O00011 | C12: 45995 | D12: Cash | E12: Completed | F12: =VLOOKUP(B12,Order!A12:M12,9,) -> 3897
A13: PAY00012 | B13: O00012 | C13: 46009 | D13: Debit Card | E13: Completed | F13: =VLOOKUP(B13,Order!A13:M13,9,) -> 1497
A14: PAY00013 | B14: O00013 | C14: 45912 | D14: Cash | E14: Completed | F14: =VLOOKUP(B14,Order!A14:M14,9,) -> 13996
A15: PAY00014 | B15: O00014 | C15: 45770 | D15: Debit Card | E15: Completed | F15: =VLOOKUP(B15,Order!A15:M15,9,) -> 3499
A16: PAY00015 | B16: O00015 | C16: 45995 | D16: Credit Card | E16: Completed | F16: =VLOOKUP(B16,Order!A16:M16,9,) -> 5499
A17: PAY00016 | B17: O00016 | C17: 45979 | D17: Net Banking | E17: Completed | F17: =VLOOKUP(B17,Order!A17:M17,9,) -> 796
A18: PAY00017 | B18: O00017 | C18: 45675 | D18: Credit Card | E18: Completed | F18: =VLOOKUP(B18,Order!A18:M18,9,) -> 799
A19: PAY00018 | B19: O00018 | C19: 45809 | D19: Net Banking | E19: Completed | F19: =VLOOKUP(B19,Order!A19:M19,9,) -> 58999
... A2001: PAY02000 | B2001: O02000 | C2001: 46010 | D2001: Debit Card | E2001: Completed | F2001: =VLOOKUP(B2001,Order!A2001:M2001,9,) -> 99996

Sheet return table
A3: Row Labels | B3: Sum of RETURNEQNTY
A4: Customer changed mind | B4: 99
A5: Damaged product | B5: 61
A6: Late delivery | B6: 55
A7: Not Required | B7: 81
A8: Wrong product | B8: 57
A9: Grand Total | B9: 353
A17: Row Labels | B17: Sum of RETURNEQNTY
A18: Jan | B18: 47
A19: Feb | B19: 28
A20: Mar | B20: 28
A21: Apr | B21: 28
A22: May | B22: 38
A23: Jun | B23: 32
A24: Jul | B24: 12
A25: Aug | B25: 47
A26: Sep | B26: 28
A27: Oct | B27: 24
A28: Nov | B28: 28
A29: Dec | B29: 13
A30: Grand Total | B30: 353

Sheet return month n rsn
A3: Sum of RETURNEQNTY | B3: Column Labels
A4: Row Labels | B4: Customer changed mind | C4: Damaged product | D4: Late delivery | E4: Not Required | F4: Wrong product | G4: Grand Total
A5: Jan | B5: 16 | C5: 4 | D5: 8 | E5: 12 | F5: 7 | G5: 47
A6: Feb | B6: 5 | C6: 3 | D6: 4 | E6: 13 | F6: 3 | G6: 28
A7: Mar | B7: 4 | C7: 5 | D7: 2 | E7: 14 | F7: 3 | G7: 28
A8: Apr | B8: 5 | C8: 7 | D8: 2 | E8: 1 | F8: 13 | G8: 28
A9: May | B9: 27 | C9: 3 | D9: 7 | E9: 1 | G9: 38
A10: Jun | B10: 12 | C10: 8 | D10: 4 | E10: 5 | F10: 3 | G10: 32
A11: Jul | B11: 1 | C11: 1 | D11: 4 | E11: 4 | F11: 2 | G11: 12
A12: Aug | B12: 11 | C12: 15 | D12: 7 | E12: 12 | F12: 2 | G12: 47
A13: Sep | B13: 5 | C13: 1 | D13: 9 | E13: 6 | F13: 7 | G13: 28
A14: Oct | B14: 2 | C14: 2 | D14: 3 | E14: 7 | F14: 10 | G14: 24
A15: Nov | B15: 10 | C15: 6 | D15: 5 | E15: 2 | F15: 5 | G15: 28
A16: Dec | B16: 1 | C16: 6 | E16: 4 | F16: 2 | G16: 13
A17: Grand Total | B17: 99 | C17: 61 | D17: 55 | E17: 81 | F17: 57 | G17: 353
A20: Sum of RETURNEQNTY
A21: 353

Sheet Return
A1: RETURNID | B1: ORDERID | C1: RETUENDATE | D1: RETURNRSN | E1: RETURNEQNTY
A2: R0001 | B2: O01861 | C2: 45828 | D2: Not Required | E2: 2
A3: R0002 | B3: O00354 | C3: 46011 | D3: Damaged product | E3: 2
A4: R0003 | B4: O01334 | C4: 45692 | D4: Not Required | E4: 2
A5: R0004 | B5: O00906 | C5: 45704 | D5: Wrong product | E5: 1
A6: R0005 | B6: O01290 | C6: 45842 | D6: Wrong product | E6: 1
A7: R0006 | B7: O01274 | C7: 45864 | D7: Damaged product | E7: 1
A8: R0007 | B8: O00939 | C8: 45867 | D8: Late delivery | E8: 2
A9: R0008 | B9: O01732 | C9: 45688 | D9: Not Required | E9: 2
A10: R0009 | B10: O00066 | C10: 45962 | D10: Wrong product | E10: 1
A11: R0010 | B11: O01324 | C11: 45956 | D11: Customer changed mind | E11: 1
A12: R0011 | B12: O00057 | C12: 45902 | D12: Late delivery | E12: 2
A13: R0012 | B13: O01293 | C13: 45856 | D13: Wrong product | E13: 1
... A181: R0180 | B181: O01653 | C181: 45666 | D181: Late delivery | E181: 1
